pipeline,resource,organisation,value,entity
infrastructure-funding-statement,,local-authority-eng:KEN,006a45b593a03962463e446f2b307262111ffca242b03bfebf131d12c11e0ad4,8100000
infrastructure-funding-statement,,local-authority-eng:KIN,0361ecdc4ae9068421f26514c9cb4a09ef237d6500a6d5cb34fc5c8f6e4e65ee,8100001
infrastructure-funding-statement,,local-authority-eng:LCE,06504c79a74a5ffbdf2b865b61760dbf24102118099320efab5449846a1c7a45,8100002
infrastructure-funding-statement,,local-authority-eng:TWH,06c201ec324bdbfa4ddd41665fe88e1ec49853f48caf4ae2faa25da6f161cf5d,8100003
infrastructure-funding-statement,,local-authority-eng:BRC,06ff3c98b372b5ef9c8372a336b6ab94be2929b7f68eecf92bd96eeef8cffc21,8100004
infrastructure-funding-statement,,local-authority-eng:HUN,0879466b7fec84e5f178d2cf50cbf9058fcd37251a7f2cfc49b75affe2c0fc1a,8100005
infrastructure-funding-statement,,local-authority-eng:GRT,087ddd9f760a0484c52983764030316b4c33011ebc445fbdd9de3abad927be4a,8100006
infrastructure-funding-statement,,local-authority-eng:HIL,089ffcd78ad81c3ffaa43342a8a7a66fabf7be3562bb203981b09a5a56683e2e,8100007
infrastructure-funding-statement,,local-authority-eng:DOV,09adbeae5f95f03ad40048411fe319a529a40e89ff11ec3568e6c7c2efeda67b,8100008
infrastructure-funding-statement,,national-park-authority:Q72617158,0b4ed56ad48a25e24987af3cd0435929fbd7e0fdc66213f701577284bc884130,8100009
infrastructure-funding-statement,,local-authority-eng:BOS,0c979d628ff89fdb367c1d2d710899bdf3432b233089a4b754c8b7adecd3308d,8100010
infrastructure-funding-statement,,local-authority-eng:HAA,1091f2a5a25059d734d7babe775d4acba270a498bb060eee0b864b96cf6bc413,8100011
infrastructure-funding-statement,,local-authority-eng:HOR,10c202033bada77261d74cf7232fc0ab9c8a42b310667590de539b4749149822,8100012
infrastructure-funding-statement,,local-authority-eng:CHA,10fbff9a342fbc7317506e1c1f6c612d01fbe9643142bb755b99dd8064e288e6,8100013
infrastructure-funding-statement,,local-authority-eng:BRT,113b9edffbff4c225426f01549c94676405ccb769d7c3eabba04eb04e3382cd3,8100014
infrastructure-funding-statement,,local-authority-eng:BAB,11f4fb07484fe4360fc6d9fd6605f7f056cc8ce054a55217b2ef8a6ec0febf5d,8100015
infrastructure-funding-statement,,local-authority-eng:EDO,128f71b6690181ddeb3d80423220958032e8a454013f6eca86cd8a1e1af96a87,8100016
infrastructure-funding-statement,,local-authority-eng:SNO,143b0a45cc1820c9a7379ebaaf8b7654cca269aed6dc389ea6afd4d5fced505d,8100017
infrastructure-funding-statement,,local-authority-eng:EPP,14d67e2a893ae78bd76c457338d481e601559ca4eb073d72f124f140b6727ee8,8100018
infrastructure-funding-statement,,local-authority-eng:ALL,16fa70abec2eb985141ed00f939de913c34bec572d6e7bf5bd87c76c6ae9c201,8100019
infrastructure-funding-statement,,local-authority-eng:HAA,185739feb057a64f4eb1d67d517fa0a4cd536bb8193443571cec9831fbb60e73,8100020
infrastructure-funding-statement,,local-authority-eng:DNC,18cd32c8a0a3769fd005819320145d71fda95f4ce7fec230494b2f4f55bbfaa7,8100021
infrastructure-funding-statement,,local-authority-eng:LDS,1a12a30f86f0eca7344d939a52d94728dc47a7bdefec0e63112cf9167cea7dc8,8100022
infrastructure-funding-statement,,government-organisation:D4,1b70255ed4436e67e6c7a805c58eeaa1d941ce5cbb1a52ba3ce6dcd3d5ea6481,8100023
infrastructure-funding-statement,,local-authority-eng:CHS,1cec396c0ea7a162dc7d3ab591112b2de0a370355d362bfeca481db9549dc673,8100024
infrastructure-funding-statement,,local-authority-eng:KIN,1f1cd2dba43c064b5e3ebae59e2e0119545f2e873030079b6a2098c41d5a78cb,8100025
infrastructure-funding-statement,,local-authority-eng:BNH,20263be3973e460fe07eb1f9d7f963dba8954cf8528954b647681ba01c39f5c7,8100026
infrastructure-funding-statement,,local-authority-eng:BST,21fb89f2136f9b7a53427620b392a1d5258aadcc04e217086d99c658d1472459,8100027
infrastructure-funding-statement,,local-authority-eng:WAR,23eeccab8e571e5d4ccec6f1f91545e0e2b2308ebd9c9ad3f222a13ac25c69fc,8100028
infrastructure-funding-statement,,local-authority-eng:KIR,244925ef43ac055594afc22dc9c73c8bfe26f9afb20ff6d232979242deb5fe88,8100029
infrastructure-funding-statement,,local-authority-eng:BIR,26ac42b2219b2e18f218c71534e08667d2a8b3bff4ff0beffb826142f55d0cc8,8100030
infrastructure-funding-statement,,local-authority-eng:IPS,277ecea1f541de103b16654927fdd67a5d8aac92e656bb7f3ea60a063512ccec,8100031
infrastructure-funding-statement,,local-authority-eng:AMB,27a023382cbc90dbaa5d75680a98b9c1b1af555055d5a254fed47d832c4567c1,8100032
infrastructure-funding-statement,,local-authority-eng:BAS,2a10255f20b94dbbc6fc7185076630e8adca6fc2991b622296ecd5fb1879fdc7,8100033
infrastructure-funding-statement,,local-authority-eng:HAM,2dd1c2595389a98131448c120b18b07025a8620804a109361e2d29a395c5a50c,8100034
infrastructure-funding-statement,,local-authority-eng:BRO,2f828a84568c23486562ecfd764bddbe4f89d00c1ac906496aec0eaf80af1071,8100035
infrastructure-funding-statement,,local-authority-eng:HIN,308ea1c8ca803d5daece9a346a856e640ca6cacb0b757f4354ed66e148f5c55d,8100036
infrastructure-funding-statement,,local-authority-eng:TEN,3109a5cf3868b36b4979a87ed6f760ed1802983897f383e831a2ad4e20655191,8100037
infrastructure-funding-statement,,local-authority-eng:DUD,31599aa681abc9e7e650a6a4ebea8d79afcd8b5e4315ead57851d65af8cdbae2,8100038
infrastructure-funding-statement,,local-authority-eng:EAS,36b12ee9a0cb352b9ef947310a1802d056cc26e7814ebb9888c27d894c90e170,8100039
infrastructure-funding-statement,,local-authority-eng:HPL,373009278732adb2afaf5c26bdcfda06ef393c2bdafafb2d6de16465b28acd2f,8100040
infrastructure-funding-statement,,local-authority-eng:BIR,37963fe5c0de959ec7705f1cff5df53c218970158133c42ef0f9256b9d1bc308,8100041
infrastructure-funding-statement,,local-authority-eng:CAB,3dd5d93621d72791fd4ae11a79e0ba4e4c709280d4a00c4fa6b47b1e3ac01424,8100042
infrastructure-funding-statement,,local-authority-eng:HAA,3e4ff0701f707f5c4a5ec096a38bbd643430752f074c743eaea5160e63b285d4,8100043
infrastructure-funding-statement,,local-authority-eng:BNS,3ec74a1a816150fc81535e47e863b031f9c7bb982460683962a1253b7ece8bca,8100044
infrastructure-funding-statement,,local-authority-eng:HRY,3eef0f435a64ed77a3ff388c0a9c4a262480d8ae75829ee517cfe80f59ac3bd1,8100045
infrastructure-funding-statement,,local-authority-eng:NEA,44d63f11e132e33297591ac6acee04e4122840192000d624d2cdb6883d1fa8a7,8100046
infrastructure-funding-statement,,local-authority-eng:BRM,46c6c7073a011c94f0bb87881b2f0288226590b3dac340e003cbe27a58f215eb,8100047
infrastructure-funding-statement,,local-authority-eng:KIN,471b58185bf2b08f490a00898a4ce4fa01d82fab84775721d3412f3ab006ffa0,8100048
infrastructure-funding-statement,,local-authority-eng:HAA,485a6916b21b5b3a59d52f1dac70a772872da500bfc129b04f1e5e2f66d3df31,8100049
infrastructure-funding-statement,,local-authority-eng:GRA,48bed47dfeabe8f41022b742e21d4dcf72e0a2dd8f3b4da5fd54eabe98456c58,8100050
infrastructure-funding-statement,,local-authority-eng:LAC,49a0c3f797444e1abdcf064b12598931d86f97c1781102adef4ae0d2027d8981,8100051
infrastructure-funding-statement,,local-authority-eng:EHA,4c27580d9b906a063805c02577483dd9685187fe2758c927864382e7bd79eaa3,8100052
infrastructure-funding-statement,,local-authority-eng:WOT,4df9030c9d440b7ddbf90ac544afc9100c59e7dc469823847dd055d4916948d6,8100053
infrastructure-funding-statement,,local-authority-eng:HAO,4f595883eddf82780a8db4c77484c97ab9e7827fa380b541f09364708268df1c,8100054
infrastructure-funding-statement,,local-authority-eng:ISL,51e9249761a3f4161a5d0db7a53fa7258e759db0dc531b13bfc5d5141f7c2167,8100055
infrastructure-funding-statement,,local-authority-eng:HCK,5294d56d342e4082b74078a6868c922f1f284cea763378e21a591104435d08e3,8100056
infrastructure-funding-statement,,local-authority-eng:UTT,548fb69e737b59329f7ed27c120eb24b808265a1d6542a48a290ba5c67371254,8100057
infrastructure-funding-statement,,local-authority-eng:HER,56b0efda3f6de0c7814b9e86479aa702e57f56dd10c7fac203eb26706ed8ef20,8100058
infrastructure-funding-statement,,local-authority-eng:BIR,58c70df2f0ff7080544a6ec5913d08d5f06dc6dcab5b37ca4170e7cf43a768b5,8100059
infrastructure-funding-statement,,local-authority-eng:HIL,5b1d99712da8e130acbec3e4fbc3e06b3eeaf5014a67fa39af645c28a5f35ace,8100060
infrastructure-funding-statement,,local-authority-eng:LEC,5b9c17d3f7ffd940ecff9787781a1ee2b2871db723bff2173ae96d68159e7b8e,8100061
infrastructure-funding-statement,,local-authority-eng:EPS,5e8ed72572d0ab5fc2b434f576597a7b0e08e06fa135e6ac3b7c1a5f1659aff0,8100062
infrastructure-funding-statement,,local-authority-eng:IOW,5ffa1a53b37fee7ab7fd93e3551df738a71d74eafbf57a4261780cbc35b0b9ce,8100063
infrastructure-funding-statement,,local-authority-eng:ASF,5ffd953359bbad7ebbe85c11a9b9314844508136defe451d172d7dbcc3786e43,8100064
infrastructure-funding-statement,,local-authority-eng:SWT,60a1e3e7dc432adf67d38795b2e5b5bd85b5c2eff1bd7d4babdd0581e978de5f,8100065
infrastructure-funding-statement,,local-authority-eng:HAA,6401ef6a1103b48fe5156eb2e84588f1d6fe545820aad851491e81b1fdc0eade,8100066
infrastructure-funding-statement,,local-authority-eng:CAN,657ad06ae4155dead1e22f894b9537c6a64487de94964ea93a1a682dc3b8bf6a,8100067
infrastructure-funding-statement,,local-authority-eng:HIL,658fc4a39ed58f305dc7aa7fee3a65b0190e85469665a65b5a78ae1f6bdc6278,8100068
infrastructure-funding-statement,,local-authority-eng:MSU,65a5f478d30f5a8223ec49faafa46ed8ae3e8c7f4563bfed876b24f0c340a0a2,8100069
infrastructure-funding-statement,,local-authority-eng:GOS,67baa5acd9bf32c476cd63e37c1d4011a53f5c6a1cf00a98132df2b88e3b913b,8100070
infrastructure-funding-statement,,local-authority-eng:BRA,68b3d073b2da18f66119933bc0251cb9d2d81409931a37afd5478182aa898a62,8100071
infrastructure-funding-statement,,local-authority-eng:ESK,6a1e6424b94d2043b8d1ee0267321fa882cfb7d64c50a9c8eb0c80c55c052e2a,8100072
infrastructure-funding-statement,,local-authority-eng:HAA,6b9124f44cc2da69e163864bc70de9b21685e96a3b283fdb8c9ee139843beb92,8100073
infrastructure-funding-statement,,local-authority-eng:LEW,6d2fc42b5852361681b95067dcc2f1946c82c525dac6e793f603f0226867d62e,8100074
infrastructure-funding-statement,,local-authority-eng:CRA,6ef659299311cfddcfa2e432df6128234bc46ee0af2d73baf9f0195ff34e1961,8100075
infrastructure-funding-statement,,local-authority-eng:HRW,6f32d09743d6ac95993e2b3e104193acc385d427e56d4fe55818fac2a1c211c2,8100076
infrastructure-funding-statement,,local-authority-eng:ECA,700acf45617f0187bccd8e3e545ac543215ed3a6233910f9e42254722a0fd61c,8100077
infrastructure-funding-statement,,local-authority-eng:KHL,701ab3580c2c61ba6f5ca3237f62cfa6db253a0116248456686565b0968f88d6,8100078
infrastructure-funding-statement,,local-authority-eng:BPL,730a5f63ac8570d15159b2ca15b63e8c0e4ace05e0f3a411fb8a632c6928620c,8100079
infrastructure-funding-statement,,local-authority-eng:KET,77ef947963d3f251663f5b6747dcfa30b278b25687f014e1b176662c0c737363,8100080
infrastructure-funding-statement,,local-authority-eng:DER,78ed5b1dd217157f5b71b845d699fcbd221ed89f84f3ee3f9aeca6aab3bf9601,8100081
infrastructure-funding-statement,,local-authority-eng:GAT,7be0e72d40bcfede861b68a0bbbf9afd2d8ca59abaec4d0482726930047c7b6e,8100082
infrastructure-funding-statement,,local-authority-eng:COP,7c7548db24dba2273f84e7c9c84f768fb03f42d7912a1685e179e774ff961ebe,8100083
infrastructure-funding-statement,,local-authority-eng:HAT,7d5974dbdd3f844cac19ac06419921a7b5719704a1f934322e3dfeeda261a930,8100084
infrastructure-funding-statement,,local-authority-eng:KWL,7f566cd881fc0dc85d724fb2f7f42296a2dcbe9c3f1c3fc9497727ee5cda52b9,8100085
infrastructure-funding-statement,,local-authority-eng:FOE,816d87e55610da3a422bfb654527adf556c7b4f6d3d46ff042bc911d0e67d0d0,8100086
infrastructure-funding-statement,,local-authority-eng:DOR,81971fb1a3bd5fa1e829bd168947b6056f61726ba06d1ece7cf905120156c5b4,8100087
infrastructure-funding-statement,,local-authority-eng:HIL,84695afd27212cf886692211154139a0e4fb0bcf9ec644836e640eefb6a9e43b,8100088
infrastructure-funding-statement,,local-authority-eng:BRE,85d7fcc9d65b3657b76df05bf8d83ef99aeaeb0b85da70eeb2c797209a81b86f,8100089
infrastructure-funding-statement,,local-authority-eng:ESS,85f959c45c0f5ac6c96364247e3f4a848d1942d689fb8b88c3da16eefbd31c70,8100090
infrastructure-funding-statement,,local-authority-eng:EST,870dc46da246b0bfa724536b7ad0a6a21d2bff486b284d6dba20c5520c293a32,8100091
infrastructure-funding-statement,,local-authority-eng:WAE,87bea1d1f57fc89f6a241470727a941b0887d96850155222bd36f0dd00f3dc8e,8100092
infrastructure-funding-statement,,local-authority-eng:BIR,8ae80058452da4ad26c8bf60c2d1611908e632d46a705a88402bc58500e6ca83,8100093
infrastructure-funding-statement,,local-authority-eng:ENF,8b3df7682b35f27f5d7fba93fd719a8ae14115af805845d8360021ceaa432c79,8100094
infrastructure-funding-statement,,local-authority-eng:MEL,8b9e2605ddfbb05b6363111d216f801c86b93f7cad7f2c3c2a39dd21a336cd4a,8100095
infrastructure-funding-statement,,local-authority-eng:DEB,8e62cd7f38d283f38905a9e26edec54dfa7d54c47677756bbf5ca5906f0f10a1,8100096
infrastructure-funding-statement,,local-authority-eng:COT,8ff069ad6d65f8535407e5dfddc444c6f2479cd3dc1e542fca94be7a9d133ffb,8100097
infrastructure-funding-statement,,local-authority-eng:BRX,90374df1b83326abb40001f3a05f9c90e39b5ba4af3762c0b5a5663246320969,8100098
infrastructure-funding-statement,,local-authority-eng:HAA,912674d97ad4ed493c1aefafa0cd02fae719f3a9393f41063be845bb99e70c2d,8100099
infrastructure-funding-statement,,local-authority-eng:DBY,91c53dd0e42d65f9512fd942861dd5a9620ea6ea2615038ae44440024e01fc36,8100100
infrastructure-funding-statement,,local-authority-eng:HAR,92559043abb89507657437b99509e1f7de0fe1567cd0a452c867097b4154fb5e,8100101
infrastructure-funding-statement,,local-authority-eng:HAE,92db435ebc02b156c6ae78e29f21668202e5ccf3022f168428f2f59eabe8757a,8100102
infrastructure-funding-statement,,local-authority-eng:BRD,933b60dd98108d0b26e35a2fa7a78d6418742193485145f51bfd758619306f98,8100103
infrastructure-funding-statement,,local-authority-eng:EAT,93d88ab92453ea582c3cfa2d88a62bb93940f85f278bd79bf03436334537b406,8100104
infrastructure-funding-statement,,local-authority-eng:BBD,942c4cdd05ddb16467e2e5900dc7e0c6bc240cfc1a868d0db484bfc4a5868237,8100105
infrastructure-funding-statement,,local-authority-eng:HAA,951dad0777b3fa612d583b161f0fc280e7e162ac548413ef6dae6c2d21faa5d8,8100106
infrastructure-funding-statement,,local-authority-eng:EHE,97a5450d1caa2aa284477a63be8be2381f86e8bc48ea4b9f9c5bca306d406907,8100107
infrastructure-funding-statement,,local-authority-eng:HEF,981d606369932d95b797d8cfad81322c400eb46ead6cd844ef89e9e26ea622a1,8100108
infrastructure-funding-statement,,local-authority-eng:HER,98a2638eb0b6bb87ec4a913cf56da239847cdf94840098fa1a627d85aebb675c,8100109
infrastructure-funding-statement,,local-authority-eng:BDF,9ac8afc406ff1b0157e3ecbb3a1ea1bc1a9a0b6ab0b9049f3d52f96322d1915d,8100110
infrastructure-funding-statement,,local-authority-eng:BRO,9c8179a2ee1a6f357b91a76bd3f61aede197ba425504730544e56b93d92ca0c3,8100111
infrastructure-funding-statement,,local-authority-eng:CAT,9e78efe9572b0fbf1353518e9c75d3b0950b38e97dca3d9712fe3ec5fda169a0,8100112
infrastructure-funding-statement,,local-authority-eng:HAV,9ed19484c06ba345405ca768adbbea2707159f31747896459f925f724962da0e,8100113
infrastructure-funding-statement,,local-authority-eng:COV,9fb16edabe4c548104ebb277d2f20ba23c905d185172695329ac4ddad5070c2f,8100114
infrastructure-funding-statement,,local-authority-eng:FAR,9fc9a0c3d92a57e3d189547b24b0f7520c452f237720e63059c980108fbab17a,8100115
infrastructure-funding-statement,,local-authority-eng:FOR,a0f121b413e9fa283d50308bd6c2c5a1363f3108fbf9a1d75326bb537e67e419,8100116
infrastructure-funding-statement,,local-authority-eng:ERY,a3a7fa7e0ac14a4f580c480364af7b43fe7ada55951bb9bcd44669e26a56e447,8100117
infrastructure-funding-statement,,local-authority-eng:EXE,a5bc74dc89c00066f2dd49bc92365c41d9e9db2e4ab682d244b030496b47e267,8100118
infrastructure-funding-statement,,local-authority-eng:HAA,a6105ad23a0f68668486738b17d1fca9bdea3ac7e9e3b13823cd132698339b7a,8100119
infrastructure-funding-statement,,local-authority-eng:NLN,a7f8a7c4f1a74afd30fd5bfda6b469e59e608661eb87d710a2e7938954e83908,8100120
infrastructure-funding-statement,,local-authority-eng:ASH,a8e55af7d5f986e08f4c6bf59c68f6cf6f123fa0ce03fba4ff0489a9bffde071,8100121
infrastructure-funding-statement,,local-authority-eng:BAR,a8e8dae7f2f31187e2d57531a9dd8feef4b64853736315c28125340e8b63b561,8100122
infrastructure-funding-statement,,local-authority-eng:LCE,aa47e9e42f6bd3f36b704cf2d81f6ace34ecdf4ffeb62b1e5eaab41feac50813,8100123
infrastructure-funding-statement,,local-authority-eng:HAS,abb78faac017ea2422968a6c3ec485dc7ad5d77f12a1ee6784933aa66d416b8d,8100124
infrastructure-funding-statement,,local-authority-eng:CHO,ac0a54dcf6f83b020b2e64871b4f649d80ea1e428c83f2ac12c4db1c323f76d1,8100125
infrastructure-funding-statement,,local-authority-eng:SNO,ad08d49e3f178831c342360a1d8d6cdcd8a9d6dae49105c9f591d8a1dca6c647,8100126
infrastructure-funding-statement,,local-authority-eng:BEX,ad1dbc2aae2501c6b31be2cc588e705667d34b7421b02fbba3047924b47b787a,8100127
infrastructure-funding-statement,,local-authority-eng:SHA,ad80f7ccf7bab6bfdac641f94047d30a52a9331059896f09e9e5b657c2456136,8100128
infrastructure-funding-statement,,local-authority-eng:FEN,ae6d743a53a0aec8da3108542d69e9b0110c625434dcd58799af9d90351ba8a2,8100129
infrastructure-funding-statement,,local-authority-eng:DAV,ae81eab55e5c8eb77ffd6b5e87c25fdd1313e4b209e539ad2adbe800de9a1069,8100130
infrastructure-funding-statement,,local-authority-eng:ELM,aedf9268db8178b2cef662d896816d55a4244cb038f296a6a1994fb056b7199d,8100131
infrastructure-funding-statement,,local-authority-eng:HRT,b457d73a58901af2eef3f1f75d81c7fec4a9b1c56e57f879fbabab78fccaa89f,8100132
infrastructure-funding-statement,,local-authority-eng:ESX,b5e56c42088a0aa858db10997436f600cc23da67f5b82656bc7155ea40b83745,8100133
infrastructure-funding-statement,,local-authority-eng:BAE,b72330ba4ddfde955692ac64d90f642cb4e928395570937659c04da8f64011c1,8100134
infrastructure-funding-statement,,local-authority-eng:DAR,b7579e709a8af6b6a00d9ef396222b6e02a9fce3988a250a893c71b20eb12171,8100135
infrastructure-funding-statement,,local-authority-eng:WDE,b87c6cbf1fccf8f66428de07d95e3f76828d05e8135b7dd3f8bb8be9ab946e74,8100136
infrastructure-funding-statement,,local-authority-eng:DST,b9d398c98cf2cce84c2f862d42e6d7c13bb39cbdc80a0ab769a4e46f5491c27a,8100137
infrastructure-funding-statement,,local-authority-eng:HNS,b9ec34155080f77755fd92c8f06880e34da09dbb5c345652f8d00d8377b6a9d9,8100138
infrastructure-funding-statement,,local-authority-eng:GLO,baba3a338225125f56fe13780615d5c22ba56f3d531edbe8f7764d3d4c9fe0c0,8100139
infrastructure-funding-statement,,local-authority-eng:CHT,bd592e3f245035bfbbbf2248182b8d9edab2fb3ecce01099dd405fd8c5256c0f,8100140
infrastructure-funding-statement,,local-authority-eng:CMA,bdb90ec7d666a63c59d12144ec9df3388aed7dd11bcbeaafadb331755b1181d0,8100141
infrastructure-funding-statement,,local-authority-eng:GED,bf8f87e213f3362f64531ee47cfd3e469c8abd81e243d718eed871dfb607a8a0,8100142
infrastructure-funding-statement,,local-authority-eng:ROH,bff453b5c76dc51a0b3046c4f12f9429ec21fa96eb3f52c609b152841140e080,8100143
infrastructure-funding-statement,,local-authority-eng:KIN,c13b1ec7767e1d8d81011bb100ed125cc23c75730a0a74b911860db0bf72df2c,8100144
infrastructure-funding-statement,,local-authority-eng:ERE,c2876e7307f86ff2ffe34c908ac3395a0dceb61ac4a4d482789f0a855728633e,8100145
infrastructure-funding-statement,,local-authority-eng:CRY,c41db71142cd059f2fe84d2a7cd989e58602580aefb6bdc37a416de5e834b37b,8100146
infrastructure-funding-statement,,local-authority-eng:CPCA,c5ec7f3562f66376fc1bad9d90c9bbcdfdd902d0be3e939d5c65645b5b798b3d,8100147
infrastructure-funding-statement,,local-authority-eng:SND,c6da8c1d474cc73ba260056b11aecd01151bd11128e8010d36841922a5d891bd,8100148
infrastructure-funding-statement,,local-authority-eng:ARU,c7aae9a61662dbba9fc3be863d155c8c6d330cf0bdbec56178e909d374954ee9,8100149
infrastructure-funding-statement,,local-authority-eng:WSX,c7f9c57f7278388b3889316becd3503ac4ebe8f54d653e8c7e13b01e9e8ade61,8100150
infrastructure-funding-statement,,local-authority-eng:BDG,c8caacaa53c479b55b1edd8969ef14d5ccf0dc3548242b2a6234d0727e11a76a,8100151
infrastructure-funding-statement,,local-authority-eng:HIG,c97570f9393d2c3f422004bf89d0402cd640920e8c27cddd17a8c8226bdc4a0c,8100152
infrastructure-funding-statement,,local-authority-eng:HMF,cb476afbb876d06468b51a3eae390e61039dbd7282ff63553d7a118533dc02a6,8100153
infrastructure-funding-statement,,local-authority-eng:HAA,cb4bc1be224f755aebc55e8ab5caf6c6206b3282d3747ce9e0dba483eed455a8,8100154
infrastructure-funding-statement,,local-authority-eng:KTT,cb56d6f28c2c9004a0a62fbf44f1c9319c1ee8b3b92e3d04bd274357a007d41e,8100155
infrastructure-funding-statement,,local-authority-eng:BOT,ce803a5e25948f78cfa7c112c5062f5427809ebb5ac6ead11f4a4c1fe4f5d035,8100156
infrastructure-funding-statement,,national-park-authority:Q20198711,ce97b278b6b2f855c166e61fec2396e8cbb8f321881a4d402c96303c7bd96334,8100157
infrastructure-funding-statement,,local-authority-eng:ADU,cf6efb1d952d583c56c2b717b37b646f63d92f0f621c4be9255bf20ec90539e5,8100158
infrastructure-funding-statement,,local-authority-eng:BAN,d1945c77897a337acb45fd629d6b022f72f96315eb7646af3b23ca25f062eb68,8100159
infrastructure-funding-statement,,local-authority-eng:COR,d201b2332296af8d004fe0e0df6eef6917475fb8f6276b73d8d9d690e2a6d852,8100160
infrastructure-funding-statement,,local-authority-eng:WEA,d30413eafe51ad768fa962002ef1b90c5d34678b6d616236d6248e87c7f3ebe6,8100161
infrastructure-funding-statement,,local-authority-eng:GRE,d3ada92df6db8fcfbef682ef4f114fa8c8e06641be3c210544afda36e1fd91ce,8100162
infrastructure-funding-statement,,local-authority-eng:CHL,d50f30a3e6bfb23039cb7f95296e1e9d452b4255803a7198be158da892a08db1,8100163
infrastructure-funding-statement,,local-authority-eng:HAA,d7f73ff4e465807fcb7befdf6a5bbda82cb7823e1c045b8f4c1c0dc7bd02fe46,8100164
infrastructure-funding-statement,,local-authority-eng:CHC,d8ac5f719211d3c9c14dc1f01719ee50fe06f057258656ba607612efc8a4a91e,8100165
infrastructure-funding-statement,,local-authority-eng:GLS,da80a4183e4336ade649b6da864a669ea708cd913bb5f9a747852b81107570b8,8100166
infrastructure-funding-statement,,local-authority-eng:DAC,dc8ebf8a77ee9b07efb8894432dd2ac8ca907e04942d7e6ca51c59a9a8d8c3d8,8100167
infrastructure-funding-statement,,local-authority-eng:DUR,dcaca4692ec864d13854b3a4399317f408cfd5e81ccb26d60e36bbb87ac84210,8100168
infrastructure-funding-statement,,local-authority-eng:BNE,ddb704aed13c92c3a34e558445694a4ea3c69690217ae7460432bc7b68696e93,8100169
infrastructure-funding-statement,,local-authority-eng:BKM,de3f73c5491a46ff7a231b5408a8e015d056948f1598494c432874b1dcb1ecba,8100170
infrastructure-funding-statement,,local-authority-eng:CON,e06e1f4d1d3ff69e172baec08db9201e6d750ea50952bb35659e477e710a08d3,8100171
infrastructure-funding-statement,,local-authority-eng:WIL,e08794ac2fb5e58a81ad9bcdbd91231d6ecc0ea004536882fa957fb42e6649d8,8100172
infrastructure-funding-statement,,local-authority-eng:BOL,e16909fb53ee553936ef777578f4d6b35f64885829f1642be81163c3e499bd0f,8100173
infrastructure-funding-statement,,local-authority-eng:IOS,e3b0c44298fc1c149afbf4c8996fb92427ae41e4649b934ca495991b7852b855,8100174
infrastructure-funding-statement,,local-authority-eng:LIF,e49c1357c3fcc7748fbaf61beb8d9270daf59d3a35654cbd854a940655d6fcb1,8100175
infrastructure-funding-statement,,local-authority-eng:BEN,e774618aed7d85f5d30a2a9aecc5ac2bca6bb47ed850c0bcb7a04f2409b47086,8100176
infrastructure-funding-statement,,local-authority-eng:NTY,eaaa46514dd73344720a486cdfab817b528c667a9dfaa05ac30ce3e595ec9da4,8100177
infrastructure-funding-statement,,local-authority-eng:COL,eb62d80fe3552c8ab497d9333a032d2255aa6fba89e78d0d49fe7dd288ba546e,8100178
infrastructure-funding-statement,,local-authority-eng:CHI,eba1f944751ddbcd6423dba420446ef1c3fbfefde6b4b4fb9ff869f0970b56aa,8100179
infrastructure-funding-statement,,local-authority-eng:SHE,ee52f3a1b11f61c9180fa1e7c9f84575f91c3432e4e36ac33165e05d820dbd82,8100180
infrastructure-funding-statement,,local-authority-eng:LEE,ef4c7aaa6d3a24ab851b53cb790c6569872e0f2208a7680350354c64e732c652,8100181
infrastructure-funding-statement,,local-authority-eng:ENO,efbec49cd6aa91ae4338746665d61f049cd9d78ed0d1425561cc04ce8cb6126d,8100182
infrastructure-funding-statement,,local-authority-eng:VAL,f1ac13636ccd14461d754556692ecdec6e14da1ef9db9d5e9cd980b059ca56e0,8100183
infrastructure-funding-statement,,local-authority-eng:NFK,f22f4cce592cc1df0e48174d08fdb9a8fb220126226b524f44b987ace908f680,8100184
infrastructure-funding-statement,,local-authority-eng:DAL,f233f3ad3bdb95a56e59bf33ac200b3db6dd2587708cc0f00b8b534daf02c579,8100185
infrastructure-funding-statement,,local-authority-eng:LBH,f2f6fb4557cdb2583139fccd0df2a5beca4f927006599e558a57f8a2051cb097,8100186
infrastructure-funding-statement,,local-authority-eng:CRW,f49bcd82945daafe2dc864e8570b180525f03b31c6f864718ba0f31df3037c5a,8100187
infrastructure-funding-statement,,local-authority-eng:CAR,f695466a80ba2223e4c139e1aab46914b0bbbb4ff58098a81bc9a5798421a9d4,8100188
infrastructure-funding-statement,,local-authority-eng:BRY,f6c5c3d6f52637f214c1a6f16cbdf67273367379f8e4e24879a842e33a0b70d2,8100189
infrastructure-funding-statement,,local-authority-eng:BST,f91378c528ebfad8b46f39dc38dd7897235bfabf1673c850a84831a101fb3449,8100190
infrastructure-funding-statement,,local-authority-eng:KEC,f922fb0638543b2e10a2f862d6cd4f35a4f7bb71dd705a3f91c9d46f25910d3f,8100191
infrastructure-funding-statement,,local-authority-eng:HAG,fb4e3fd74e18bde550761c1bac71a4b1302540a0b0034c54125d48fa047d664b,8100192
infrastructure-funding-statement,,local-authority-eng:BLA,fc062103c3ed7fa0b23efe9470b31b690cf0ad0d6b547d329c1617d55848fde8,8100193
infrastructure-funding-statement,,local-authority-eng:CHR,fd10411ca1265ebfaa179d3bd4ea2f65e559e2ac476f405790367703375b5f51,8100194
infrastructure-funding-statement,,local-authority-eng:HIL,fdfc2251542931a81591d966323552bf19dd36d01de289ebb3a7c704a870b94a,8100195
infrastructure-funding-statement,,local-authority-eng:HER,ffc092b516f472b16145decf240675a3199df30d9629b5f324ae2f5fe902ff9f,8100196
